Plik;N;OPT;Test;Konfiguracja;Powtorzenie;Populacja;WspMutacji;WspKrzyzowania;Mutacja;Turniej;LimitMs;NajlepszyKoszt;SredniKoszt;BladNajlepszy%;BladSredni%;CzasMs;Sciezka
br17;17;39;populacja;pop50;1;50;0.1000;0.8000;SWAP;3;300000;39;45.42;0.0000;16.4672;22;0 15 5 14 6 3 4 16 7 8 1 12 10 9 2 13 11 0
br17;17;39;populacja;pop50;2;50;0.1000;0.8000;SWAP;3;300000;39;43.21;0.0000;10.8020;20424;0 14 6 5 15 4 3 7 16 8 9 10 12 1 2 13 11 0
br17;17;39;populacja;pop50;3;50;0.1000;0.8000;SWAP;3;300000;39;46.16;0.0000;18.3476;592;0 6 15 5 14 3 4 8 7 16 10 1 12 9 13 2 11 0
br17;17;39;populacja;pop100;1;100;0.1000;0.8000;SWAP;3;300000;39;76.91;0.0000;97.1985;6;0 11 13 2 12 1 10 9 8 16 7 4 3 14 15 5 6 0
br17;17;39;populacja;pop100;2;100;0.1000;0.8000;SWAP;3;300000;39;46.84;0.0000;20.0954;83;0 5 14 6 15 3 4 16 8 7 12 10 9 1 2 13 11 0
br17;17;39;populacja;pop100;3;100;0.1000;0.8000;SWAP;3;300000;39;46.14;0.0000;18.3024;69727;0 6 15 14 5 3 4 8 7 16 10 12 9 1 2 13 11 0
br17;17;39;populacja;pop200;1;200;0.1000;0.8000;SWAP;3;300000;39;39.92;0.0000;2.3669;1376;0 15 14 5 6 3 4 8 7 16 10 1 9 12 2 13 11 0
br17;17;39;populacja;pop200;2;200;0.1000;0.8000;SWAP;3;300000;39;65.22;0.0000;67.2316;24;0 16 7 8 3 4 6 14 15 5 12 1 9 10 2 13 11 0
br17;17;39;populacja;pop200;3;200;0.1000;0.8000;SWAP;3;300000;44;56.18;12.8205;44.0582;19;0 11 6 15 14 3 4 5 10 12 1 2 13 9 7 8 16 0
br17;17;39;mutacja;swap;1;200;0.1000;0.8000;SWAP;3;300000;39;51.40;0.0000;31.7829;31;0 16 7 8 3 4 5 6 14 15 1 12 9 10 13 2 11 0
br17;17;39;mutacja;swap;2;200;0.1000;0.8000;SWAP;3;300000;39;54.94;0.0000;40.8748;1315;0 2 13 1 10 12 9 5 15 6 14 3 4 16 8 7 11 0
br17;17;39;mutacja;swap;3;200;0.1000;0.8000;SWAP;3;300000;39;78.26;0.0000;100.6787;15;0 6 5 14 15 4 3 7 16 8 9 12 1 10 13 2 11 0
br17;17;39;mutacja;inversion;1;200;0.1000;0.8000;INVERSION;3;300000;39;43.19;0.0000;10.7495;79;0 2 13 9 1 12 10 5 14 15 6 4 3 8 7 16 11 0
br17;17;39;mutacja;inversion;2;200;0.1000;0.8000;INVERSION;3;300000;39;52.97;0.0000;35.8300;40;0 8 7 16 4 3 6 14 15 5 10 9 12 1 13 2 11 0
br17;17;39;mutacja;inversion;3;200;0.1000;0.8000;INVERSION;3;300000;39;52.11;0.0000;33.6032;34;0 6 14 5 15 4 3 16 8 7 10 1 12 9 13 2 11 0
ft53;53;6905;populacja;pop50;1;50;0.1000;0.8000;SWAP;3;300000;8806;8958.87;27.5308;29.7447;153621;0 15 52 51 50 49 48 18 19 16 11 13 10 12 14 39 36 35 40 38 4 34 32 31 30 33 27 29 28 25 26 7 6 5 9 8 2 17 23 20 21 24 22 47 44 43 45 41 42 46 37 1 3 0
ft53;53;6905;populacja;pop50;2;50;0.1000;0.8000;SWAP;3;300000;8927;9082.38;29.2831;31.5333;248625;0 27 29 28 25 26 7 5 51 49 52 50 48 24 22 42 46 43 45 41 47 44 23 20 10 12 14 34 32 31 21 39 38 4 2 15 37 36 35 40 19 18 17 16 11 13 8 6 9 33 30 3 1 0
ft53;53;6905;populacja;pop50;3;50;0.1000;0.8000;SWAP;3;300000;9204;9355.97;33.2947;35.4956;259919;0 4 1 41 46 35 40 38 36 10 11 34 32 31 21 20 24 44 43 45 42 47 28 25 27 29 26 23 22 19 18 16 15 37 39 6 9 8 7 5 51 50 48 49 52 12 14 13 17 33 30 3 2 0
ft53;53;6905;populacja;pop100;1;100;0.1000;0.8000;SWAP;3;300000;9009;9242.76;30.4707;33.8561;189342;0 35 45 41 47 34 32 31 27 29 51 48 49 52 50 33 30 36 37 18 9 7 6 5 8 17 15 40 43 42 46 44 23 20 21 24 22 19 28 25 26 3 13 10 12 14 39 38 4 2 16 11 1 0
ft53;53;6905;populacja;pop100;2;100;0.1000;0.8000;SWAP;3;300000;9874;9961.55;42.9978;44.2657;186271;0 35 21 24 44 43 41 47 46 45 42 7 5 12 14 39 18 19 23 22 49 48 52 51 50 33 30 4 34 32 25 27 29 28 20 6 9 8 10 11 13 17 16 15 37 40 38 36 31 26 3 2 1 0
ft53;53;6905;populacja;pop100;3;100;0.1000;0.8000;SWAP;3;300000;9580;9759.35;38.7400;41.3374;266010;0 4 19 18 17 32 31 16 15 37 21 24 22 42 41 47 46 43 45 44 51 48 49 52 50 33 26 27 29 28 25 2 23 20 9 7 6 5 8 35 40 39 38 36 10 11 12 14 13 34 30 3 1 0
ft53;53;6905;populacja;pop200;1;200;0.1000;0.8000;SWAP;3;300000;9289;9434.82;34.5257;36.6375;51498;0 32 31 26 29 28 25 27 47 45 44 34 52 48 49 9 6 8 13 11 10 12 14 24 23 20 39 36 40 38 4 3 2 17 16 15 37 35 21 22 19 18 1 41 42 46 43 7 5 51 50 33 30 0
ft53;53;6905;populacja;pop200;2;200;0.1000;0.8000;SWAP;3;300000;9125;9202.27;32.1506;33.2696;249524;0 36 35 37 18 19 25 27 29 28 31 30 1 41 43 42 7 6 5 9 8 10 12 14 13 17 23 20 21 39 40 38 4 22 47 46 45 44 34 32 33 26 2 16 15 50 52 51 48 49 24 11 3 0
ft53;53;6905;populacja;pop200;3;200;0.1000;0.8000;SWAP;3;300000;8790;8833.93;27.2991;27.9353;103386;0 36 35 52 51 50 49 48 29 28 25 26 27 42 46 43 41 47 44 23 11 13 17 16 15 37 39 38 45 34 32 33 31 30 4 1 40 21 20 9 7 6 5 8 10 12 14 24 22 19 18 3 2 0
ft53;53;6905;mutacja;swap;1;200;0.1000;0.8000;SWAP;3;300000;9689;9836.92;40.3186;42.4609;229631;0 36 35 52 51 50 49 48 29 28 25 27 15 37 18 17 20 24 19 16 11 1 8 9 7 6 5 10 45 44 34 32 30 33 31 26 3 13 12 14 39 40 38 4 22 21 23 47 43 41 42 46 2 0
ft53;53;6905;mutacja;swap;2;200;0.1000;0.8000;SWAP;3;300000;8197;8361.48;18.7111;21.0932;117906;0 34 32 26 25 27 29 28 48 49 52 51 50 33 31 30 1 8 9 7 6 5 13 10 12 14 24 22 42 41 47 46 43 45 44 23 20 21 11 3 36 35 37 18 19 17 16 15 39 40 38 4 2 0
ft53;53;6905;mutacja;swap;3;200;0.1000;0.8000;SWAP;3;300000;9037;9128.69;30.8762;32.2041;187421;0 49 52 51 50 48 28 25 13 12 14 39 38 36 10 11 3 41 43 42 47 46 45 44 34 30 4 1 7 6 5 9 8 2 15 37 35 40 21 20 24 22 19 18 17 16 23 32 31 33 27 29 26 0
ft53;53;6905;mutacja;inversion;1;200;0.1000;0.8000;INVERSION;3;300000;9100;9418.49;31.7886;36.4010;293705;0 7 6 5 9 8 15 37 39 36 35 40 38 4 3 10 21 22 18 19 28 51 48 49 52 50 33 31 26 25 27 29 17 16 11 2 1 13 12 14 20 24 23 47 41 43 45 42 46 44 34 32 30 0
ft53;53;6905;mutacja;inversion;2;200;0.1000;0.8000;INVERSION;3;300000;8648;8883.01;25.2426;28.6461;203631;0 41 47 42 45 44 34 50 49 52 51 48 29 28 25 27 26 15 37 39 35 40 38 36 32 33 31 30 4 2 17 13 10 12 14 43 46 23 20 21 24 22 19 18 1 8 9 7 6 5 16 11 3 0
ft53;53;6905;mutacja;inversion;3;200;0.1000;0.8000;INVERSION;3;300000;9872;10293.08;42.9689;49.0670;248411;0 35 42 47 46 44 5 51 49 52 50 48 26 15 37 38 4 1 41 43 45 2 17 23 20 22 19 18 8 13 10 12 14 34 32 31 25 27 29 28 24 21 39 36 40 16 11 3 7 6 9 33 30 0
ftv170;171;2755;populacja;pop50;1;50;0.1000;0.8000;SWAP;3;300000;7005;7027.92;154.2650;155.0969;77333;0 113 122 123 93 166 108 83 84 170 1 110 88 153 70 69 67 63 64 56 2 14 15 16 20 37 73 81 164 127 129 148 149 26 27 42 58 59 60 50 21 22 11 10 75 12 18 168 72 157 33 41 155 44 45 47 52 53 57 62 61 68 107 106 71 43 55 54 66 65 89 98 95 97 104 109 49 38 39 156 40 46 48 115 116 117 118 102 103 119 124 76 74 29 28 30 31 32 158 51 167 87 92 154 90 91 94 96 101 162 120 121 146 145 147 126 125 128 111 112 105 165 114 132 169 4 5 133 134 143 144 140 141 152 151 160 25 150 161 142 131 163 99 100 130 138 135 136 137 139 6 13 17 34 35 36 77 3 7 8 9 85 86 82 79 80 78 23 24 159 19 0
ftv170;171;2755;populacja;pop50;2;50;0.1000;0.8000;SWAP;3;300000;6661;6724.45;141.7786;144.0816;102709;0 51 59 149 161 152 107 106 98 166 83 39 38 37 75 11 12 29 28 27 26 23 24 25 160 13 18 19 20 113 115 162 123 122 138 139 140 141 6 10 76 74 158 32 33 45 47 52 53 54 43 44 46 48 49 1 112 117 119 136 147 148 137 135 116 118 124 146 145 144 7 2 72 68 86 100 120 121 102 108 84 65 57 62 64 56 42 41 155 34 36 168 71 60 111 110 69 67 167 70 94 97 114 164 127 126 125 103 163 99 95 96 165 104 133 169 3 5 134 142 143 151 9 82 79 80 81 109 93 92 91 154 89 88 85 156 40 55 58 50 170 73 77 78 61 66 63 35 157 31 30 21 4 8 14 15 159 16 17 22 150 131 105 90 153 87 101 129 128 130 132 0
ftv170;171;2755;populacja;pop50;3;50;0.1000;0.8000;SWAP;3;300000;6534;6534.00;137.1688;137.1688;189283;0 11 18 19 3 5 126 125 103 100 102 129 128 131 166 93 91 101 123 162 122 124 15 25 149 148 147 121 120 104 114 44 45 38 37 29 30 33 167 70 92 96 117 119 146 145 144 143 142 39 40 56 65 87 86 84 71 60 51 52 53 43 55 54 58 73 78 77 74 12 32 31 28 27 26 16 17 21 170 4 169 110 165 163 99 98 90 85 20 158 36 75 10 76 50 59 61 66 63 64 48 49 35 157 34 156 155 41 42 57 62 68 67 69 154 89 88 153 164 130 135 136 137 138 160 150 161 152 151 14 13 22 23 24 159 168 72 82 79 80 81 111 112 132 133 113 115 105 97 95 94 108 83 46 47 127 116 118 109 107 106 139 140 141 134 6 7 8 9 2 1 0
ftv170;171;2755;populacja;pop100;1;100;0.1000;0.8000;SWAP;3;300000;5869;5869.00;113.0309;113.0309;281130;0 68 67 66 57 62 61 167 83 71 170 109 107 98 95 87 70 86 96 97 113 164 125 129 146 145 143 142 152 29 30 31 34 52 53 43 58 60 50 73 112 115 104 105 165 114 127 126 128 80 79 82 77 1 110 106 99 100 102 103 117 118 119 139 141 6 10 76 74 25 150 160 151 134 131 116 163 101 123 162 122 121 120 124 7 14 13 21 32 158 36 28 147 148 149 161 17 20 37 75 11 12 18 19 168 72 78 8 15 159 16 22 26 27 23 24 144 140 132 108 166 93 94 92 89 90 91 154 88 153 69 63 54 39 35 157 33 46 47 55 42 41 155 156 40 38 49 51 59 85 84 65 64 56 44 45 48 2 3 4 9 5 169 138 135 137 136 130 133 111 81 0
ftv170;171;2755;populacja;pop100;2;100;0.1000;0.8000;SWAP;3;300000;6515;6571.71;136.4791;138.5374;277833;0 127 126 128 77 52 43 44 31 30 25 8 9 76 19 59 67 86 112 132 133 113 125 129 146 143 142 149 148 144 147 137 138 139 140 6 14 13 17 21 32 158 36 170 168 82 79 80 81 115 104 97 98 92 166 93 91 94 135 160 150 161 152 151 15 159 29 28 27 26 23 20 39 45 58 62 61 84 35 34 156 107 105 100 103 114 106 99 162 123 101 95 165 116 117 121 122 120 102 108 66 65 153 87 70 69 63 64 57 56 54 75 22 24 16 11 10 74 12 18 157 33 41 155 42 55 60 68 85 71 38 37 73 3 4 5 169 7 2 1 40 46 47 53 48 49 50 51 167 154 88 89 90 96 163 118 119 124 136 145 141 134 131 164 130 111 110 109 83 72 78 0
ftv170;171;2755;populacja;pop100;3;100;0.1000;0.8000;SWAP;3;300000;5929;5965.70;115.2087;116.5408;210886;0 113 115 116 119 128 130 79 80 81 117 118 124 135 134 131 164 127 121 122 100 102 103 163 95 114 138 139 140 141 8 22 23 26 27 28 30 31 156 65 88 153 85 71 50 38 45 58 59 68 69 86 93 107 106 105 97 165 104 149 161 7 10 76 158 32 21 20 3 4 6 142 148 144 143 147 137 136 109 84 67 63 56 57 62 61 66 64 55 42 34 35 11 12 18 150 152 151 14 15 159 37 111 110 108 83 167 70 87 96 99 98 101 123 162 120 126 125 129 146 145 13 29 16 17 19 168 72 78 82 166 92 94 91 154 89 90 60 51 52 46 48 49 170 77 1 2 112 132 73 74 75 36 157 33 43 54 53 44 47 39 40 155 41 24 25 160 9 5 133 169 0
ftv170;171;2755;populacja;pop200;1;200;0.1000;0.8000;SWAP;3;300000;5630;5694.07;104.3557;106.6813;210613;0 97 101 162 123 122 121 149 161 14 59 63 64 56 62 61 68 69 86 96 136 137 13 24 25 23 11 12 18 37 75 10 76 74 19 20 158 32 36 41 155 3 4 152 151 15 159 29 28 27 26 22 16 17 21 30 31 42 55 54 46 38 39 156 40 45 47 48 170 49 50 51 67 167 70 87 84 71 73 77 82 79 80 142 143 148 147 146 145 144 6 7 8 9 5 111 110 109 166 93 107 106 165 135 160 150 134 164 127 116 117 118 103 163 99 100 102 120 128 130 132 133 169 112 115 104 114 113 138 139 140 141 105 98 95 94 91 154 153 85 52 53 43 44 35 157 33 34 58 57 66 65 88 89 90 92 108 83 60 168 72 78 2 1 126 125 119 124 129 131 81 0
ftv170;171;2755;populacja;pop200;2;200;0.1000;0.8000;SWAP;3;300000;6247;6291.05;126.7514;128.3504;191410;0 113 118 162 123 122 139 142 151 42 57 62 70 94 97 99 101 100 102 103 115 116 117 119 129 137 147 148 149 152 14 38 45 55 58 60 68 69 85 86 84 71 49 170 73 10 76 74 168 78 77 1 4 6 7 21 28 27 26 16 17 29 30 41 155 34 35 157 31 33 156 40 25 150 160 13 18 20 50 59 61 63 64 56 54 53 43 44 46 47 48 11 12 158 36 75 19 32 22 24 15 159 72 82 79 108 166 93 89 90 98 95 154 88 153 51 52 39 37 23 161 5 169 111 112 164 130 138 135 134 109 83 67 167 87 92 96 114 107 106 105 165 163 120 121 124 131 110 66 65 91 104 126 146 144 140 141 132 3 8 9 2 127 125 145 143 136 128 133 81 80 0
ftv170;171;2755;populacja;pop200;3;200;0.1000;0.8000;SWAP;3;300000;6349;6405.75;130.4537;132.5137;106378;0 110 83 71 60 167 94 104 114 133 169 3 13 23 26 27 28 31 43 57 62 61 107 105 165 84 52 47 49 170 106 97 99 101 100 102 103 163 95 164 136 147 137 130 113 116 117 124 138 139 151 160 150 148 149 161 152 7 8 14 29 30 40 39 37 20 21 22 24 25 9 10 11 76 74 75 44 45 46 53 55 58 168 72 73 38 156 155 41 35 157 33 34 48 2 5 112 127 126 128 131 81 80 79 82 78 50 51 59 68 69 67 66 63 54 12 18 32 158 36 42 56 64 65 154 90 91 96 98 89 88 153 70 87 85 86 125 146 145 144 115 118 119 120 121 6 15 159 16 17 19 77 4 142 143 140 141 132 109 108 166 93 92 162 123 122 129 135 134 111 1 0
ftv170;171;2755;mutacja;swap;1;200;0.1000;0.8000;SWAP;3;300000;6129;6168.17;122.4682;123.8899;269035;0 116 117 139 140 141 160 150 151 50 51 61 65 88 153 49 23 24 25 149 148 136 146 145 144 143 147 124 122 123 162 101 98 95 96 97 165 104 114 113 164 127 163 99 100 103 107 106 105 87 84 60 38 157 33 30 28 27 26 161 152 142 131 110 108 83 71 35 36 31 32 158 22 16 18 170 73 1 81 72 68 167 70 69 67 85 86 93 92 91 154 89 90 94 102 118 119 128 130 132 133 134 6 8 15 159 77 2 3 9 5 169 115 120 121 109 166 40 45 44 47 48 4 7 14 21 29 20 168 79 80 82 78 66 54 43 42 41 155 156 34 39 75 10 76 19 37 52 53 55 58 59 74 11 12 13 17 57 62 63 64 56 46 112 126 125 137 138 135 129 111 0
ftv170;171;2755;mutacja;swap;2;200;0.1000;0.8000;SWAP;3;300000;5786;5853.29;110.0181;112.4607;180096;0 115 116 117 118 119 121 122 123 162 124 129 146 145 144 142 14 13 18 19 20 21 29 28 30 31 34 40 48 49 38 35 157 32 158 36 37 2 5 112 132 81 79 80 3 4 9 73 170 168 78 82 110 166 92 94 97 104 164 127 120 102 103 163 69 63 64 56 54 43 44 45 160 151 134 131 126 125 128 130 109 107 106 98 95 154 89 90 91 96 165 114 135 137 147 25 26 27 23 22 16 17 33 156 155 41 42 55 57 62 61 65 88 153 84 60 52 53 46 47 39 75 11 10 76 74 51 68 93 105 99 100 101 136 138 139 8 77 72 71 66 58 50 12 24 150 148 149 161 152 143 140 141 6 7 15 159 59 67 85 86 108 83 167 70 87 113 133 169 111 1 0
ftv170;171;2755;mutacja;swap;3;200;0.1000;0.8000;SWAP;3;300000;5809;5863.86;110.8530;112.8443;251659;0 148 147 137 136 124 122 123 162 104 113 130 138 135 129 146 143 152 16 29 30 31 33 44 168 72 133 134 139 140 7 76 75 11 18 20 157 41 155 156 35 34 40 39 38 37 24 25 150 160 151 14 17 21 32 158 36 49 170 73 74 19 22 23 8 9 78 71 60 68 85 86 93 154 88 65 57 63 64 62 61 87 94 127 116 118 101 98 90 89 153 108 166 107 95 96 97 165 163 117 120 121 126 125 145 144 141 6 149 161 142 131 111 110 109 83 84 69 167 70 67 66 56 55 42 46 47 82 79 80 77 1 2 112 115 119 128 3 10 12 13 28 27 26 15 159 45 43 54 58 59 50 51 52 53 48 92 91 106 105 99 100 102 103 114 164 132 4 5 169 81 0
ftv170;171;2755;mutacja;inversion;1;200;0.1000;0.8000;INVERSION;3;300000;9012;9276.31;227.1143;236.7080;155283;0 115 107 122 121 146 143 148 135 140 141 16 18 47 156 42 54 58 67 93 166 108 83 84 170 72 39 48 10 76 12 28 157 34 35 43 60 49 80 8 14 19 158 134 131 113 162 123 101 92 56 57 62 63 46 167 70 85 52 53 44 37 50 73 127 129 136 128 126 117 118 103 88 69 65 55 75 20 79 5 112 66 95 163 104 109 106 105 165 116 102 137 138 139 6 9 169 2 51 61 153 89 120 124 145 147 149 151 159 21 24 150 161 152 144 3 164 125 119 99 98 154 64 59 38 29 15 25 27 26 23 22 17 32 30 31 33 41 155 40 45 168 82 78 71 68 87 86 74 11 36 77 1 111 132 133 7 81 110 90 91 94 96 97 100 114 130 142 160 13 4 0
ftv170;171;2755;mutacja;inversion;2;200;0.1000;0.8000;INVERSION;3;300000;8797;8998.21;219.3103;226.6138;210770;0 61 65 97 99 123 91 153 84 71 63 64 56 69 96 109 107 114 146 143 6 151 17 29 27 26 23 50 170 33 41 55 54 44 40 46 47 60 68 87 86 83 168 72 82 76 19 20 21 22 30 31 155 38 35 157 156 58 85 52 39 45 78 4 142 112 130 125 124 137 139 141 148 144 152 14 13 32 158 34 149 160 10 75 37 73 77 51 48 59 67 66 62 167 88 106 117 135 132 3 9 5 169 113 163 166 108 93 89 57 53 43 42 36 11 18 24 128 131 133 115 116 118 119 103 98 95 94 92 154 90 70 49 80 74 150 145 140 104 105 101 162 121 110 164 127 126 165 100 102 120 122 129 136 147 138 134 111 1 7 8 15 159 16 12 28 25 161 2 79 81 0
ftv170;171;2755;mutacja;inversion;3;200;0.1000;0.8000;INVERSION;3;300000;8076;8300.41;193.1397;201.2852;296379;0 55 54 58 63 65 153 92 91 154 126 118 100 102 119 128 139 6 151 24 25 149 160 5 115 109 51 60 61 68 85 86 93 83 167 70 87 89 97 114 108 170 73 74 75 11 17 15 150 143 147 140 8 2 111 135 136 129 130 127 116 124 146 144 148 81 84 71 66 56 62 88 90 98 165 137 133 169 166 94 106 105 164 132 168 39 44 46 155 41 33 22 21 20 37 10 76 12 157 52 47 49 59 64 57 67 69 163 99 121 122 123 162 95 96 104 110 103 117 120 145 141 125 131 112 142 161 152 7 4 9 77 82 79 3 14 36 31 30 29 28 27 26 23 159 16 19 158 35 156 40 53 43 42 48 1 107 101 113 138 134 13 18 32 34 45 38 50 72 78 80 0
ftv33;34;1286;populacja;pop50;1;50;0.1000;0.8000;SWAP;3;300000;1854;1854.00;44.1680;44.1680;16121;0 24 23 17 1 30 28 27 21 31 18 19 20 22 26 29 33 2 3 10 11 8 9 12 14 15 16 4 5 6 32 7 13 25 0
ftv33;34;1286;populacja;pop50;2;50;0.1000;0.8000;SWAP;3;300000;1577;1586.79;22.6283;23.3897;1316;0 4 6 5 30 33 2 3 14 15 16 24 23 19 11 31 18 17 9 32 7 8 10 12 13 25 20 21 22 26 27 28 29 1 0
ftv33;34;1286;populacja;pop50;3;50;0.1000;0.8000;SWAP;3;300000;1577;1594.59;22.6283;23.9964;22483;0 24 23 21 20 22 26 27 28 29 25 1 2 4 6 5 30 33 3 19 17 11 31 18 12 14 15 16 13 32 7 8 10 9 0
ftv33;34;1286;populacja;pop100;1;100;0.1000;0.8000;SWAP;3;300000;1695;1738.46;31.8040;35.1834;174;0 5 6 32 7 8 10 12 14 15 16 17 11 31 18 19 20 21 22 27 28 24 23 26 29 25 1 3 30 33 2 4 9 13 0
ftv33;34;1286;populacja;pop100;2;100;0.1000;0.8000;SWAP;3;300000;1580;1630.89;22.8616;26.8187;66087;0 33 30 29 26 22 20 21 27 28 25 24 23 19 17 12 14 15 16 13 32 7 8 10 11 31 18 9 4 6 5 2 1 3 0
ftv33;34;1286;populacja;pop100;3;100;0.1000;0.8000;SWAP;3;300000;1508;1572.08;17.2628;22.2460;32131;0 32 7 8 10 11 31 18 19 21 20 22 23 17 9 4 6 5 30 33 2 24 26 27 28 29 25 13 12 14 15 16 1 3 0
ftv33;34;1286;populacja;pop200;1;200;0.1000;0.8000;SWAP;3;300000;1500;1529.67;16.6407;18.9476;9313;0 25 24 23 27 28 29 1 2 3 33 30 5 6 4 32 7 8 12 14 15 26 22 20 21 31 18 19 17 11 10 9 13 16 0
ftv33;34;1286;populacja;pop200;2;200;0.1000;0.8000;SWAP;3;300000;1472;1472.00;14.4635;14.4635;103275;0 1 30 33 2 3 24 23 19 21 20 22 26 27 28 29 25 16 15 14 12 9 10 11 31 18 17 4 5 6 32 7 8 13 0
ftv33;34;1286;populacja;pop200;3;200;0.1000;0.8000;SWAP;3;300000;1455;1499.12;13.1415;16.5727;298652;0 32 7 4 6 5 2 3 33 30 26 27 28 29 25 24 20 21 22 23 19 31 18 17 11 8 10 9 13 12 14 15 16 1 0
ftv33;34;1286;mutacja;swap;1;200;0.1000;0.8000;SWAP;3;300000;1527;1566.42;18.7403;21.8060;148852;0 26 27 28 29 22 20 21 31 18 10 9 32 7 12 14 15 16 1 2 4 6 5 30 33 3 25 24 23 19 17 11 8 13 0
ftv33;34;1286;mutacja;swap;2;200;0.1000;0.8000;SWAP;3;300000;1685;1705.02;31.0264;32.5830;14097;0 24 17 11 31 18 19 27 28 26 22 23 20 21 10 12 14 15 16 1 33 30 29 25 9 32 8 7 4 6 5 2 3 13 0
ftv33;34;1286;mutacja;swap;3;200;0.1000;0.8000;SWAP;3;300000;1643;1672.71;27.7605;30.0707;1572;0 26 27 28 29 16 15 14 12 9 10 11 31 21 20 22 24 23 19 18 17 13 25 33 30 2 4 5 6 32 7 8 1 3 0
ftv33;34;1286;mutacja;inversion;1;200;0.1000;0.8000;INVERSION;3;300000;1629;1657.88;26.6719;28.9176;163;0 24 23 19 22 20 21 31 11 8 32 7 5 6 4 9 10 18 17 13 12 14 15 16 1 3 33 30 29 26 27 28 25 2 0
ftv33;34;1286;mutacja;inversion;2;200;0.1000;0.8000;INVERSION;3;300000;1430;1465.55;11.1975;13.9615;258063;0 24 23 19 11 8 10 9 32 7 4 6 5 30 29 27 28 26 22 20 21 31 18 17 12 14 15 16 25 1 33 2 3 13 0
ftv33;34;1286;mutacja;inversion;3;200;0.1000;0.8000;INVERSION;3;300000;1487;1538.48;15.6299;19.6331;254730;0 4 5 6 32 7 8 9 13 27 28 29 26 22 24 23 20 21 31 18 19 17 11 10 12 14 15 16 25 1 30 33 2 3 0
ftv38;39;1530;populacja;pop50;1;50;0.1000;0.8000;SWAP;3;300000;1878;1878.00;22.7451;22.7451;18403;0 31 25 23 24 36 21 13 12 14 17 18 19 29 1 4 35 33 30 26 28 27 22 20 11 8 37 9 10 15 5 7 6 32 34 38 2 3 16 0
ftv38;39;1530;populacja;pop50;2;50;0.1000;0.8000;SWAP;3;300000;1935;1960.38;26.4706;28.1291;200927;0 24 36 13 10 12 1 30 26 23 25 31 32 34 38 2 3 15 5 7 6 4 35 33 29 28 27 22 21 20 17 18 19 37 9 8 11 14 16 0
ftv38;39;1530;populacja;pop50;3;50;0.1000;0.8000;SWAP;3;300000;1682;1782.38;9.9346;16.4951;156232;0 16 11 37 9 10 12 13 36 21 22 23 24 25 31 32 34 38 3 15 8 29 1 2 4 5 7 6 35 33 30 26 28 27 20 14 17 18 19 0
ftv38;39;1530;populacja;pop100;1;100;0.1000;0.8000;SWAP;3;300000;1753;1794.55;14.5752;17.2910;23529;0 27 23 24 22 20 13 36 21 11 15 5 6 7 8 37 9 10 12 16 14 17 18 19 28 25 26 30 31 32 34 38 2 4 35 33 29 1 3 0
ftv38;39;1530;populacja;pop100;2;100;0.1000;0.8000;SWAP;3;300000;1811;1833.62;18.3660;19.8441;14259;0 30 33 29 28 27 22 15 5 7 6 34 38 2 4 35 32 31 25 26 23 24 36 21 20 13 12 8 37 9 10 11 14 17 18 19 1 3 16 0
ftv38;39;1530;populacja;pop100;3;100;0.1000;0.8000;SWAP;3;300000;1901;1940.91;24.2484;26.8568;53633;0 30 26 23 25 31 32 33 28 27 34 38 2 15 7 6 35 4 5 8 37 9 10 16 19 18 17 14 12 13 36 24 22 21 20 11 29 1 3 0
ftv38;39;1530;populacja;pop200;1;200;0.1000;0.8000;SWAP;3;300000;1650;1665.45;7.8431;8.8529;50975;0 1 29 19 18 17 14 11 8 37 9 10 12 13 36 21 22 20 15 5 7 6 35 33 30 26 28 27 23 24 25 31 32 34 38 2 4 3 16 0
ftv38;39;1530;populacja;pop200;2;200;0.1000;0.8000;SWAP;3;300000;1706;1750.31;11.5033;14.3994;65968;0 1 35 33 26 23 24 36 21 22 20 13 12 11 8 37 9 10 14 17 18 19 29 28 27 30 25 31 32 34 38 3 15 5 7 6 4 2 16 0
ftv38;39;1530;populacja;pop200;3;200;0.1000;0.8000;SWAP;3;300000;1816;1848.54;18.6928;20.8197;30271;0 1 38 35 30 26 23 25 31 32 34 33 29 27 22 20 11 15 5 7 6 4 2 3 16 14 17 18 19 28 24 36 21 13 10 12 37 9 8 0
ftv38;39;1530;mutacja;swap;1;200;0.1000;0.8000;SWAP;3;300000;1883;1930.74;23.0719;26.1921;297759;0 1 38 35 2 4 5 37 9 8 11 16 14 17 18 19 29 27 23 24 36 13 10 12 21 22 25 26 30 31 32 34 33 28 20 15 7 6 3 0
ftv38;39;1530;mutacja;swap;2;200;0.1000;0.8000;SWAP;3;300000;1665;1747.71;8.8235;14.2297;72822;0 19 18 17 14 15 10 12 11 37 9 8 5 7 6 33 1 29 28 27 20 13 36 21 22 23 24 25 26 30 31 32 34 38 35 4 2 3 16 0
ftv38;39;1530;mutacja;swap;3;200;0.1000;0.8000;SWAP;3;300000;1766;1812.79;15.4248;18.4829;255061;0 19 18 17 14 16 28 27 23 26 34 29 1 38 4 35 32 33 30 31 25 24 36 21 22 20 13 10 12 37 9 8 11 15 5 7 6 2 3 0
ftv38;39;1530;mutacja;inversion;1;200;0.1000;0.8000;INVERSION;3;300000;1800;1830.57;17.6471;19.6451;119933;0 29 27 22 36 21 20 13 12 11 17 28 23 24 25 26 30 33 31 32 34 38 35 4 2 15 6 7 5 8 37 9 10 1 3 19 18 14 16 0
ftv38;39;1530;mutacja;inversion;2;200;0.1000;0.8000;INVERSION;3;300000;1857;1857.00;21.3725;21.3725;214258;0 35 32 33 29 28 27 23 24 36 20 15 8 11 14 17 18 19 1 2 4 6 7 5 37 9 10 12 13 21 22 25 26 30 31 34 38 3 16 0
ftv38;39;1530;mutacja;inversion;3;200;0.1000;0.8000;INVERSION;3;300000;1873;1927.02;22.4183;25.9493;72520;0 13 36 21 22 20 11 28 27 23 24 25 26 30 31 32 34 2 15 5 7 6 4 8 37 9 10 12 1 38 35 33 29 3 19 18 17 14 16 0
ftv44;45;1613;populacja;pop50;1;50;0.1000;0.8000;SWAP;3;300000;2042;2051.64;26.5964;27.1942;214780;0 20 12 16 17 14 31 30 29 22 18 42 23 24 28 32 36 37 39 40 9 8 41 6 7 10 43 11 13 15 19 21 25 26 27 33 34 35 38 44 3 4 5 1 2 0
ftv44;45;1613;populacja;pop50;2;50;0.1000;0.8000;SWAP;3;300000;1877;1915.41;16.3670;18.7486;115876;0 29 25 28 32 36 37 38 3 41 6 10 43 11 12 13 15 17 14 20 7 9 8 40 39 44 4 5 1 2 31 30 26 27 33 34 35 24 42 23 22 18 16 19 21 0
ftv44;45;1613;populacja;pop50;3;50;0.1000;0.8000;SWAP;3;300000;2067;2093.13;28.1463;29.7665;180789;0 24 22 18 16 1 2 44 40 6 41 39 38 28 27 33 34 35 32 36 37 3 4 5 31 30 29 25 26 42 23 20 8 9 7 10 12 13 15 17 14 43 11 19 21 0
ftv44;45;1613;populacja;pop100;1;100;0.1000;0.8000;SWAP;3;300000;2066;2097.36;28.0843;30.0285;138313;0 31 30 25 26 42 23 22 20 7 9 8 40 39 38 35 32 33 34 36 37 27 28 29 24 18 12 13 43 11 10 1 2 5 44 3 6 41 4 21 19 14 15 16 17 0
ftv44;45;1613;populacja;pop100;2;100;0.1000;0.8000;SWAP;3;300000;2019;2019.00;25.1705;25.1705;49222;0 43 11 10 20 9 8 40 34 35 30 29 24 25 28 32 36 37 38 4 5 2 44 3 39 41 6 7 12 13 15 17 18 16 14 19 21 1 31 33 27 26 42 23 22 0
ftv44;45;1613;populacja;pop100;3;100;0.1000;0.8000;SWAP;3;300000;2088;2143.98;29.4482;32.9191;40414;0 24 42 23 22 1 2 44 3 39 41 6 7 9 8 40 4 5 20 12 13 43 11 10 14 31 32 28 30 29 25 26 27 33 34 36 37 38 35 15 18 16 17 19 21 0
ftv44;45;1613;populacja;pop200;1;200;0.1000;0.8000;SWAP;3;300000;2229;2271.41;38.1897;40.8187;2265;0 27 28 25 26 42 23 18 16 21 44 39 40 41 38 32 33 34 35 30 29 24 22 1 2 6 8 9 7 10 20 43 11 12 13 15 17 14 19 31 36 37 3 4 5 0
ftv44;45;1613;populacja;pop200;2;200;0.1000;0.8000;SWAP;3;300000;1915;1952.68;18.7229;21.0591;55194;0 31 32 33 34 36 37 44 41 6 10 12 13 20 7 9 8 40 39 38 3 4 5 1 2 35 27 28 30 29 25 26 42 23 24 22 14 15 18 16 17 43 11 19 21 0
ftv44;45;1613;populacja;pop200;3;200;0.1000;0.8000;SWAP;3;300000;1872;1919.45;16.0570;18.9987;182335;0 15 23 24 28 32 27 33 34 36 37 38 44 3 4 31 30 29 25 26 42 22 18 16 17 14 10 43 11 12 13 19 20 7 9 8 40 6 41 39 35 1 2 5 21 0
ftv44;45;1613;mutacja;swap;1;200;0.1000;0.8000;SWAP;3;300000;2052;2077.40;27.2164;28.7914;2583;0 20 8 9 43 11 12 16 17 18 42 23 25 28 24 22 15 13 14 19 32 36 37 38 44 3 39 40 41 6 7 10 21 1 2 4 5 31 30 29 26 27 33 34 35 0
ftv44;45;1613;mutacja;swap;2;200;0.1000;0.8000;SWAP;3;300000;2015;2061.90;24.9225;27.8300;100912;0 2 4 6 41 38 35 32 28 30 29 22 23 24 42 25 26 27 33 34 31 14 15 17 18 16 20 7 8 9 10 43 11 12 13 19 1 44 39 40 36 37 3 5 21 0
ftv44;45;1613;mutacja;swap;3;200;0.1000;0.8000;SWAP;3;300000;1994;2033.30;23.6206;26.0573;51385;0 24 42 23 18 16 17 15 13 11 10 43 12 20 7 9 8 40 38 35 31 1 2 4 6 41 5 30 29 25 26 27 33 34 36 37 44 3 39 32 28 22 14 19 21 0
ftv44;45;1613;mutacja;inversion;1;200;0.1000;0.8000;INVERSION;3;300000;1892;1940.80;17.2970;20.3222;64399;0 35 32 28 30 29 25 26 42 23 24 22 18 16 20 7 9 8 40 39 38 44 3 41 6 10 43 11 12 13 15 17 14 19 21 27 33 34 36 37 31 1 2 4 5 0
ftv44;45;1613;mutacja;inversion;2;200;0.1000;0.8000;INVERSION;3;300000;1890;1978.09;17.1730;22.6342;255650;0 20 7 9 8 40 36 37 38 3 6 41 39 32 28 30 29 26 42 22 23 24 25 27 33 34 35 31 1 44 4 2 5 21 19 14 10 43 11 12 13 15 18 16 17 0
ftv44;45;1613;mutacja;inversion;3;200;0.1000;0.8000;INVERSION;3;300000;1872;1918.29;16.0570;18.9268;143957;0 31 38 35 32 28 30 29 22 18 42 23 24 25 26 27 33 34 1 2 5 21 19 14 10 43 11 12 13 15 16 17 20 7 9 8 40 39 36 37 44 3 4 6 41 0
ftv47;48;1776;populacja;pop50;1;50;0.1000;0.8000;SWAP;3;300000;2378;2394.67;33.8964;34.8348;75299;0 9 33 27 2 41 19 44 15 7 23 12 32 6 24 29 30 31 5 8 11 18 17 13 35 14 34 46 36 16 45 20 43 42 1 25 37 38 47 22 39 21 40 26 28 4 3 10 0
ftv47;48;1776;populacja;pop50;2;50;0.1000;0.8000;SWAP;3;300000;2258;2309.17;27.1396;30.0206;39306;0 41 43 22 19 44 15 16 45 20 26 28 3 24 4 29 30 5 13 46 36 14 23 12 32 7 31 6 10 8 11 37 38 18 17 34 35 39 21 40 47 9 33 27 2 42 1 25 0
ftv47;48;1776;populacja;pop50;3;50;0.1000;0.8000;SWAP;3;300000;2302;2366.38;29.6171;33.2418;27448;0 9 33 27 3 6 8 11 10 25 47 42 28 24 4 29 30 5 31 7 23 12 32 2 41 43 22 38 18 17 13 34 35 14 19 44 15 45 39 21 40 26 1 46 36 16 20 37 0
ftv47;48;1776;populacja;pop100;1;100;0.1000;0.8000;SWAP;3;300000;2049;2063.17;15.3716;16.1693;228946;0 25 34 35 14 23 12 32 7 31 10 11 8 24 4 3 2 41 43 42 22 40 20 18 17 13 46 36 15 16 45 39 19 44 21 47 26 1 9 33 27 28 29 30 5 6 37 38 0
ftv47;48;1776;populacja;pop100;2;100;0.1000;0.8000;SWAP;3;300000;2129;2226.67;19.8761;25.3754;274445;0 25 9 33 27 10 37 42 28 29 30 31 5 6 24 4 3 2 41 43 22 20 38 18 17 13 46 36 14 16 12 32 7 23 34 35 15 45 39 19 44 21 40 47 26 1 8 11 0
ftv47;48;1776;populacja;pop100;3;100;0.1000;0.8000;SWAP;3;300000;2333;2381.58;31.3626;34.0977;111049;0 44 15 16 45 19 39 21 40 20 38 37 18 17 46 36 14 35 23 34 13 12 32 25 47 26 1 7 31 2 41 43 22 42 11 8 9 33 27 28 24 29 30 5 4 3 6 10 0
ftv47;48;1776;populacja;pop200;1;200;0.1000;0.8000;SWAP;3;300000;2222;2238.37;25.1126;26.0344;11836;0 25 13 34 23 12 46 36 14 35 15 16 18 17 45 20 38 37 21 40 47 26 1 9 2 41 43 42 22 39 44 19 11 33 27 28 3 24 4 29 30 5 6 8 32 7 31 10 0
ftv47;48;1776;populacja;pop200;2;200;0.1000;0.8000;SWAP;3;300000;2354;2372.56;32.5450;33.5901;49064;0 25 35 14 15 16 45 39 21 40 22 41 43 18 17 12 32 7 31 30 5 4 3 6 8 9 33 24 29 27 28 2 42 44 19 20 38 37 34 23 13 46 36 47 26 1 10 11 0
ftv47;48;1776;populacja;pop200;3;200;0.1000;0.8000;SWAP;3;300000;2312;2355.48;30.1802;32.6281;78265;0 9 33 27 2 28 3 24 4 29 30 5 31 7 23 34 35 17 36 14 15 16 38 37 41 43 40 47 26 42 22 20 18 12 13 46 45 39 19 44 21 25 1 11 8 32 6 10 0
ftv47;48;1776;mutacja;swap;1;200;0.1000;0.8000;SWAP;3;300000;2050;2095.33;15.4279;17.9804;104321;0 18 35 14 23 34 13 46 36 16 45 19 44 15 17 12 32 7 31 9 33 27 3 24 4 29 30 5 6 8 11 10 25 47 26 42 28 2 41 43 22 40 20 38 37 39 21 1 0
ftv47;48;1776;mutacja;swap;2;200;0.1000;0.8000;SWAP;3;300000;2252;2299.69;26.8018;29.4868;87862;0 28 2 42 9 33 27 3 24 4 29 30 31 5 6 10 18 17 46 36 15 16 45 39 44 19 20 38 12 7 23 34 35 14 13 32 8 11 37 25 47 22 41 43 21 40 26 1 0
ftv47;48;1776;mutacja;swap;3;200;0.1000;0.8000;SWAP;3;300000;2177;2210.29;22.5788;24.4531;155573;0 25 47 22 41 43 42 28 3 32 7 31 6 24 4 29 30 5 10 18 17 13 34 23 12 46 36 14 35 15 16 45 20 39 19 44 21 38 11 8 9 33 27 2 40 26 1 37 0
ftv47;48;1776;mutacja;inversion;1;200;0.1000;0.8000;INVERSION;3;300000;2289;2400.86;28.8851;35.1838;206149;0 33 27 28 2 44 19 39 21 40 47 26 22 41 43 42 20 38 18 46 36 14 23 7 31 5 25 1 37 17 13 34 35 15 16 45 12 32 6 10 9 3 24 4 29 30 8 11 0
ftv47;48;1776;mutacja;inversion;2;200;0.1000;0.8000;INVERSION;3;300000;2338;2420.51;31.6441;36.2900;271245;0 25 18 17 12 7 23 13 46 36 34 35 14 15 16 45 26 2 43 42 22 47 1 32 31 30 5 6 9 33 27 28 24 4 29 3 8 10 37 38 20 39 21 40 41 44 19 11 0
ftv47;48;1776;mutacja;inversion;3;200;0.1000;0.8000;INVERSION;3;300000;2287;2360.87;28.7725;32.9319;97785;0 18 17 45 39 21 20 44 15 16 46 36 35 14 23 34 13 12 32 7 27 28 3 24 4 29 30 5 31 6 10 25 47 26 1 11 8 9 33 2 43 42 22 40 41 19 38 37 0
ftv55;56;1608;populacja;pop50;1;50;0.1000;0.8000;SWAP;3;300000;2105;2162.76;30.9080;34.4998;109049;0 13 35 7 11 19 20 40 41 23 54 30 46 55 34 2 17 15 16 52 26 27 49 45 44 28 53 43 29 25 24 42 21 50 22 18 39 38 37 36 9 10 51 12 14 33 1 3 32 8 4 6 5 47 31 48 0
ftv55;56;1608;populacja;pop50;2;50;0.1000;0.8000;SWAP;3;300000;2326;2348.20;44.6517;46.0326;273999;0 3 6 5 48 33 26 42 21 50 23 24 20 40 27 49 45 30 46 55 34 1 2 12 39 38 37 9 13 35 4 7 11 19 22 41 54 43 44 28 53 47 31 29 25 18 10 32 8 36 51 14 15 16 17 52 0
ftv55;56;1608;populacja;pop50;3;50;0.1000;0.8000;SWAP;3;300000;2032;2083.83;26.3682;29.5916;293906;0 1 15 16 17 33 2 26 25 24 42 21 22 19 18 39 51 12 13 35 7 32 8 36 9 37 11 38 6 5 47 31 46 29 27 49 43 44 28 53 23 20 40 41 50 54 45 30 55 34 48 3 4 10 14 52 0
ftv55;56;1608;populacja;pop100;1;100;0.1000;0.8000;SWAP;3;300000;2223;2269.04;38.2463;41.1098;9840;0 24 42 21 22 41 50 23 54 27 49 45 30 46 29 25 18 4 6 5 47 44 28 53 43 17 16 15 13 35 7 32 8 12 39 38 37 36 9 11 10 51 26 20 40 19 14 33 55 34 31 48 3 1 2 52 0
ftv55;56;1608;populacja;pop100;2;100;0.1000;0.8000;SWAP;3;300000;2054;2075.11;27.7363;29.0490;43738;0 21 22 19 18 39 38 32 8 10 51 14 17 16 15 12 13 35 6 5 47 31 48 3 4 7 36 9 37 11 52 26 25 24 42 50 27 49 28 53 43 44 29 20 40 41 23 54 45 30 46 55 34 1 2 33 0
ftv55;56;1608;populacja;pop100;3;100;0.1000;0.8000;SWAP;3;300000;2170;2207.12;34.9502;37.2590;31428;0 2 13 35 7 32 8 36 9 10 14 1 3 48 47 44 28 53 29 27 45 30 26 25 24 42 21 41 50 23 54 49 43 22 40 20 19 18 39 38 37 11 33 55 31 46 34 4 5 6 51 12 15 16 17 52 0
ftv55;56;1608;populacja;pop200;1;200;0.1000;0.8000;SWAP;3;300000;1940;1990.15;20.6468;23.7658;216138;0 25 24 42 50 23 54 45 30 46 29 27 49 28 53 43 44 52 14 51 10 7 32 8 36 9 37 11 12 15 16 17 26 20 40 41 21 22 19 18 39 38 13 35 4 6 5 47 31 3 48 1 33 55 34 2 0
ftv55;56;1608;populacja;pop200;2;200;0.1000;0.8000;SWAP;3;300000;2196;2245.41;36.5672;39.6399;288373;0 33 13 35 4 6 5 48 3 7 37 9 10 32 8 36 11 38 19 20 40 41 53 43 23 24 42 21 22 50 54 49 44 28 55 34 1 2 14 26 27 45 30 46 47 31 29 25 18 39 51 12 15 16 17 52 0
ftv55;56;1608;populacja;pop200;3;200;0.1000;0.8000;SWAP;3;300000;2266;2337.36;40.9204;45.3581;151169;0 25 18 39 7 4 6 5 47 31 48 3 1 17 16 15 12 13 35 32 8 36 37 9 24 42 21 23 27 29 52 14 11 38 10 51 43 44 28 53 22 19 20 40 41 50 54 49 45 30 46 55 34 2 33 26 0
ftv55;56;1608;mutacja;swap;1;200;0.1000;0.8000;SWAP;3;300000;2158;2207.45;34.2040;37.2793;196393;0 27 23 41 22 40 20 19 18 39 37 36 9 10 14 33 29 26 25 24 42 21 50 54 49 43 53 44 28 45 30 46 55 34 3 11 38 4 6 5 47 31 48 1 2 17 16 15 12 51 13 35 32 8 7 52 0
ftv55;56;1608;mutacja;swap;2;200;0.1000;0.8000;SWAP;3;300000;2137;2173.04;32.8980;35.1392;271069;0 25 24 42 22 41 21 50 23 27 49 43 44 53 28 55 34 1 14 39 38 37 9 13 35 6 5 47 31 48 3 4 7 10 11 18 19 20 40 54 45 30 46 29 32 8 36 51 12 15 16 17 52 33 2 26 0
ftv55;56;1608;mutacja;swap;3;200;0.1000;0.8000;SWAP;3;300000;2405;2448.71;49.5647;52.2830;193567;0 32 9 37 11 14 25 54 55 34 1 3 5 6 4 12 15 16 17 26 43 28 45 30 46 31 47 48 29 27 49 44 53 41 50 23 24 42 21 22 20 40 19 18 39 38 13 35 7 8 36 10 51 33 2 52 0
ftv55;56;1608;mutacja;inversion;1;200;0.1000;0.8000;INVERSION;3;300000;2334;2362.21;45.1493;46.9034;219572;0 31 27 23 24 20 19 38 37 36 9 11 14 25 18 39 13 35 4 32 8 7 10 51 12 33 55 30 46 34 1 3 6 5 47 48 2 17 16 15 52 42 22 40 41 21 50 54 29 49 45 44 53 43 28 26 0
ftv55;56;1608;mutacja;inversion;2;200;0.1000;0.8000;INVERSION;3;300000;2697;2781.47;67.7239;72.9769;146562;0 25 39 19 40 41 50 23 24 21 28 53 44 46 55 1 3 8 36 12 15 16 17 14 13 35 7 32 4 6 5 48 27 49 45 34 2 33 31 47 30 26 52 51 10 37 9 11 38 18 20 42 22 54 43 29 0
ftv55;56;1608;mutacja;inversion;3;200;0.1000;0.8000;INVERSION;3;300000;2286;2323.95;42.1642;44.5240;283045;0 24 42 21 22 41 50 23 20 40 19 18 38 32 8 36 9 13 4 6 5 48 3 7 35 37 11 10 51 15 16 17 33 34 1 29 49 44 28 53 43 25 54 27 45 30 46 55 31 47 2 14 12 39 26 52 0
ftv64;65;1839;populacja;pop50;1;50;0.1000;0.8000;SWAP;3;300000;2592;2642.77;40.9462;43.7067;37425;0 51 24 63 55 33 64 34 57 58 56 27 26 19 12 35 20 46 45 42 43 9 61 50 54 28 1 37 18 17 16 13 14 47 5 6 4 39 7 36 8 40 41 44 11 10 60 30 31 62 52 53 32 29 25 21 48 22 23 49 59 38 2 3 15 0
ftv64;65;1839;populacja;pop50;2;50;0.1000;0.8000;SWAP;3;300000;2796;2849.40;52.0392;54.9429;257343;0 36 40 41 9 42 11 20 21 48 49 59 63 32 54 38 2 39 7 8 10 60 13 15 50 52 30 53 31 55 62 22 23 35 12 43 44 14 47 5 6 4 34 57 58 56 29 51 24 25 19 46 45 27 26 33 64 3 61 1 37 28 18 17 16 0
ftv64;65;1839;populacja;pop50;3;50;0.1000;0.8000;SWAP;3;300000;2676;2727.44;45.5139;48.3113;69223;0 14 47 7 61 28 50 54 21 48 49 22 59 25 27 26 63 29 55 53 31 62 52 33 57 58 34 56 32 51 30 24 23 46 13 37 64 38 2 4 39 42 11 5 6 36 8 40 41 44 12 35 20 19 45 43 9 10 60 15 1 3 18 17 16 0
ftv64;65;1839;populacja;pop100;1;100;0.1000;0.8000;SWAP;3;300000;2942;2947.48;59.9782;60.2760;155050;0 43 44 36 8 5 6 58 56 22 59 25 55 33 64 38 34 57 53 31 62 52 30 23 20 19 61 28 50 54 1 37 3 29 51 24 27 26 21 48 49 63 32 18 17 16 13 12 35 46 42 11 45 14 47 7 10 15 2 4 39 40 41 9 60 0
ftv64;65;1839;populacja;pop100;2;100;0.1000;0.8000;SWAP;3;300000;2737;2759.06;48.8309;50.0305;51341;0 46 45 36 8 40 6 39 5 10 60 13 16 1 37 32 54 28 50 25 63 52 31 55 64 38 3 14 47 7 61 27 26 22 59 21 48 35 20 19 12 44 11 42 43 41 9 15 29 51 24 23 49 30 53 62 33 56 4 34 57 58 2 17 18 0
ftv64;65;1839;populacja;pop100;3;100;0.1000;0.8000;SWAP;3;300000;2918;3003.78;58.6732;63.3379;121893;0 40 41 9 60 13 46 45 14 47 5 57 34 31 62 53 32 54 61 1 37 27 48 35 23 30 28 50 52 51 24 25 63 29 33 56 26 19 20 21 49 22 59 55 64 38 2 3 15 42 12 43 44 11 10 36 8 6 58 4 39 7 16 17 18 0
ftv64;65;1839;populacja;pop200;1;200;0.1000;0.8000;SWAP;3;300000;2308;2343.12;25.5030;27.4128;209268;0 64 57 58 34 56 32 28 27 26 19 20 21 48 49 22 59 23 24 25 63 55 33 38 2 4 39 40 41 9 42 43 44 11 12 35 46 45 10 14 47 6 5 36 8 7 60 15 13 16 17 50 29 51 30 62 52 53 31 54 61 1 37 3 18 0
ftv64;65;1839;populacja;pop200;2;200;0.1000;0.8000;SWAP;3;300000;2492;2531.72;35.5084;37.6683;112520;0 14 47 5 6 4 39 57 58 34 56 64 38 2 3 26 21 48 49 22 59 25 63 28 50 54 41 9 60 15 1 37 27 29 55 33 32 30 53 31 62 52 51 24 23 35 12 43 44 45 42 11 20 19 46 10 36 8 40 7 13 16 17 18 61 0
ftv64;65;1839;populacja;pop200;3;200;0.1000;0.8000;SWAP;3;300000;2341;2387.19;27.2974;29.8090;48148;0 23 35 20 21 48 49 22 59 25 63 29 52 51 24 55 33 56 32 54 27 26 19 46 36 40 41 9 42 45 12 43 44 11 14 47 7 8 10 60 15 1 3 13 16 17 18 61 37 64 38 2 4 39 5 6 57 58 34 53 31 62 30 28 50 0
ftv64;65;1839;mutacja;swap;1;200;0.1000;0.8000;SWAP;3;300000;2775;2822.18;50.8972;53.4630;170665;0 29 33 56 64 34 53 62 52 51 30 31 32 50 54 28 1 37 36 8 40 41 9 10 60 14 47 7 42 48 49 22 23 24 25 18 17 16 46 12 43 44 11 20 59 63 55 38 4 39 5 6 57 58 2 3 27 26 21 35 19 45 13 15 61 0
ftv64;65;1839;mutacja;swap;2;200;0.1000;0.8000;SWAP;3;300000;2476;2509.56;34.6384;36.4631;126277;0 22 59 25 32 54 17 16 13 14 6 57 58 34 56 27 26 21 49 23 48 35 20 19 46 28 50 29 51 24 63 55 53 31 62 52 30 33 64 38 2 4 39 5 8 40 41 43 9 42 11 12 44 45 10 36 47 7 60 15 61 1 37 3 18 0
ftv64;65;1839;mutacja;swap;3;200;0.1000;0.8000;SWAP;3;300000;2430;2442.67;32.1370;32.8261;186767;0 36 8 40 41 9 42 11 12 43 44 60 1 3 50 55 33 32 28 61 15 14 47 6 57 58 56 64 34 62 52 23 35 20 21 48 49 22 59 25 63 29 51 24 30 53 31 54 27 26 19 46 45 10 13 16 17 18 37 38 2 4 39 5 7 0
ftv64;65;1839;mutacja;inversion;1;200;0.1000;0.8000;INVERSION;3;300000;2285;2390.18;24.2523;29.9719;255118;0 27 26 29 32 53 31 62 52 51 30 24 23 49 22 59 25 19 46 14 47 13 45 12 35 20 21 48 63 55 33 56 64 38 34 57 58 2 4 39 6 5 7 36 8 40 41 9 42 43 44 11 10 60 15 16 17 1 37 3 18 28 50 54 61 0
ftv64;65;1839;mutacja;inversion;2;200;0.1000;0.8000;INVERSION;3;300000;2702;2770.08;46.9277;50.6296;247399;0 63 29 53 62 52 51 24 30 32 28 50 54 1 37 56 64 38 2 3 10 7 36 40 41 44 45 19 13 16 17 18 61 27 26 12 35 20 21 48 23 49 22 59 25 31 55 33 34 57 58 4 39 6 8 9 43 42 11 15 14 47 5 60 46 0
ftv64;65;1839;mutacja;inversion;3;200;0.1000;0.8000;INVERSION;3;300000;2856;2901.24;55.3018;57.7618;228718;0 27 19 46 20 21 48 35 23 49 22 59 25 55 64 34 57 58 29 52 53 31 62 51 30 33 56 38 3 1 37 2 4 14 47 36 44 11 45 12 43 60 15 61 26 24 63 32 10 42 9 8 40 6 39 5 7 41 13 16 17 18 28 50 54 0
ftv70;71;1950;populacja;pop50;1;50;0.1000;0.8000;SWAP;3;300000;3200;3231.32;64.1026;65.7089;31070;0 27 6 7 10 11 9 13 66 14 12 15 16 47 39 69 41 48 50 67 49 51 4 5 24 22 23 60 33 35 34 26 18 19 20 21 1 70 3 54 55 56 52 53 44 65 2 25 17 29 30 31 45 46 37 38 36 63 40 68 62 58 61 8 59 57 43 42 32 64 28 0
ftv70;71;1950;populacja;pop50;2;50;0.1000;0.8000;SWAP;3;300000;3107;3174.18;59.3333;62.7786;167957;0 34 60 33 13 9 10 59 4 8 7 14 12 11 58 61 52 49 48 51 50 67 47 39 38 69 41 37 63 40 65 29 30 31 43 42 35 36 68 62 53 44 1 2 70 57 56 32 26 22 18 21 25 27 6 66 15 20 23 19 16 45 46 54 55 3 5 24 17 64 28 0
ftv70;71;1950;populacja;pop50;3;50;0.1000;0.8000;SWAP;3;300000;2718;2761.00;39.3846;41.5897;159226;0 45 46 62 54 70 57 58 11 10 61 59 8 7 9 17 64 42 69 41 39 47 48 50 67 49 51 55 56 3 4 24 26 35 34 36 37 38 63 40 68 52 53 29 30 31 65 44 43 60 33 32 22 66 14 12 15 16 28 1 2 5 25 27 6 13 18 21 23 19 20 0
ftv70;71;1950;populacja;pop100;1;100;0.1000;0.8000;SWAP;3;300000;2474;2516.30;26.8718;29.0410;124195;0 25 27 6 9 11 10 59 8 7 18 19 20 21 23 60 33 34 35 69 41 38 36 37 63 53 44 45 40 68 62 54 55 52 46 49 50 67 47 39 48 51 58 61 57 56 70 3 4 30 29 24 13 66 14 12 15 16 1 2 5 31 65 43 42 32 26 22 17 64 28 0
ftv70;71;1950;populacja;pop100;2;100;0.1000;0.8000;SWAP;3;300000;2855;2914.67;46.4103;49.4701;93767;0 69 41 38 60 33 23 20 21 25 27 6 7 9 13 45 54 55 52 53 31 30 29 42 36 37 63 40 68 62 44 1 2 46 49 48 51 50 67 47 39 32 19 15 16 18 17 66 14 12 11 10 4 8 59 57 58 61 56 70 3 5 65 43 35 34 26 22 64 24 28 0
ftv70;71;1950;populacja;pop100;3;100;0.1000;0.8000;SWAP;3;300000;2816;2850.94;44.4103;46.2023;50627;0 38 36 39 48 50 54 55 58 61 59 8 57 52 53 43 26 22 33 35 69 41 37 63 68 46 62 44 30 29 31 65 1 2 5 25 6 7 9 13 64 45 49 51 67 47 40 42 34 60 32 23 15 16 18 19 20 21 17 66 14 12 27 11 10 56 70 3 4 28 24 0
ftv70;71;1950;populacja;pop200;1;200;0.1000;0.8000;SWAP;3;300000;2626;2626.00;34.6667;34.6667;241647;0 66 14 15 16 18 21 17 28 65 44 34 33 35 69 41 37 38 36 39 47 48 67 49 55 3 4 7 9 64 25 27 6 13 12 19 20 23 60 32 26 22 24 29 30 31 45 70 59 8 11 10 58 61 57 56 52 53 43 42 63 40 68 46 62 51 50 54 1 2 5 0
ftv70;71;1950;populacja;pop200;2;200;0.1000;0.8000;SWAP;3;300000;2989;3025.47;53.2821;55.1525;241049;0 69 38 60 32 26 22 33 35 34 36 37 63 40 25 27 6 28 24 64 18 20 21 17 66 14 12 13 9 10 58 61 57 56 70 3 4 8 7 11 59 5 43 42 41 39 48 51 54 55 52 68 62 53 65 44 45 46 49 50 67 47 23 19 15 16 29 30 31 1 2 0
ftv70;71;1950;populacja;pop200;3;200;0.1000;0.8000;SWAP;3;300000;2903;2928.29;48.8718;50.1686;206652;0 9 10 7 66 14 12 16 17 64 25 27 6 13 24 29 30 31 43 42 41 38 36 63 68 46 62 51 50 67 49 47 40 32 26 11 61 56 52 54 55 3 4 8 59 5 2 44 45 28 18 19 15 20 21 22 23 60 33 34 35 69 37 39 48 53 65 1 70 57 58 0
ftv70;71;1950;mutacja;swap;1;200;0.1000;0.8000;SWAP;3;300000;3146;3216.17;61.3333;64.9318;112004;0 48 67 47 39 18 19 25 27 6 13 66 14 12 15 16 17 28 4 8 7 9 64 24 29 30 31 65 45 46 49 51 50 53 44 1 2 70 57 58 61 56 37 38 60 32 26 33 69 41 63 40 68 55 3 11 10 59 5 43 35 34 36 62 54 52 42 23 20 21 22 0
ftv70;71;1950;mutacja;swap;2;200;0.1000;0.8000;SWAP;3;300000;2658;2689.50;36.3077;37.9231;187747;0 18 19 15 20 23 60 32 26 22 21 17 64 25 6 7 9 13 14 27 11 10 59 8 30 29 31 70 57 58 61 56 52 53 44 45 43 42 69 41 37 63 68 49 48 51 50 67 47 39 40 38 33 35 34 36 46 62 54 55 3 4 5 65 1 2 24 66 12 16 28 0
ftv70;71;1950;mutacja;swap;3;200;0.1000;0.8000;SWAP;3;300000;2753;2791.43;41.1795;43.1501;182298;0 15 20 23 32 26 66 14 12 13 17 18 19 16 21 22 69 41 37 63 40 68 46 54 55 52 44 45 43 42 35 34 60 33 36 38 39 47 48 67 58 61 57 56 70 3 4 8 59 62 49 51 50 53 65 28 24 25 27 6 7 9 10 11 64 1 2 5 31 30 29 0
ftv70;71;1950;mutacja;inversion;1;200;0.1000;0.8000;INVERSION;3;300000;3298;3437.61;69.1282;76.2878;230357;0 64 66 14 6 11 10 61 59 5 43 68 46 42 69 41 63 40 49 50 54 55 3 58 44 1 2 4 8 57 56 52 53 45 65 26 23 15 16 25 27 13 17 19 20 21 48 51 67 47 39 38 34 60 32 33 35 36 37 62 70 7 9 12 18 22 24 29 30 31 28 0
ftv70;71;1950;mutacja;inversion;2;200;0.1000;0.8000;INVERSION;3;300000;3478;3603.56;78.3590;84.7981;234701;0 43 41 37 38 35 34 36 54 3 4 25 9 61 59 7 13 14 12 15 16 17 21 22 23 60 32 26 19 20 66 27 6 64 28 65 70 8 11 10 58 67 49 39 51 50 55 56 57 52 62 45 53 1 2 5 29 24 18 33 63 46 47 48 42 69 40 68 44 31 30 0
ftv70;71;1950;mutacja;inversion;3;200;0.1000;0.8000;INVERSION;3;300000;3119;3203.73;59.9487;64.2939;167602;0 42 68 46 34 32 26 23 15 16 18 19 20 21 22 1 2 5 8 59 50 67 49 47 48 51 54 55 52 44 65 14 12 27 11 10 7 9 24 29 30 31 69 41 38 60 33 35 36 39 43 37 63 40 62 45 53 70 4 57 58 61 56 3 25 6 66 13 17 64 28 0
